step,hour,total_load,total_solar,net_demand,grid_power,grid_import,grid_export,voltage_violations,min_voltage,max_voltage,reward,voltage_node_0,voltage_node_1,voltage_node_2,voltage_node_3,voltage_node_4,voltage_node_5,voltage_node_6,voltage_node_7,voltage_node_8,voltage_node_9,voltage_node_10
0,0.0,11.89163367577601,0.0,11.89163367577601,11.89163367577601,11.89163367577601,0.0,0,0.99981076,1.0047367,-119.94486143825925,0.99981076,0.9998221,1.0000424,1.0003275,1.0007776,1.0012898,1.0018572,1.0025172,1.0032035,1.0039382,1.0047367
1,0.25,9.970746218393158,0.0,9.970746218393158,9.970746218393158,9.970746218393158,0.0,0,1.0000381,1.006061,-49.2009646859082,1.0000381,1.0002424,1.000589,1.0010097,1.001584,1.0021908,1.0028673,1.0036119,1.004388,1.0051942,1.006061
2,0.5,8.279235932293629,0.0,8.279235932293629,8.279235932293629,8.279235932293629,0.0,0,1.0001457,1.0059985,-41.3123588289444,1.0001457,1.0004132,1.0007854,1.0012124,1.0017506,1.0023578,1.0030118,1.0036902,1.0044029,1.0051638,1.0059985
3,0.75,8.743045211075902,0.32776665356676254,8.41527855750914,8.41527855750914,8.41527855750914,0.0,0,1.0001063,1.0053537,-41.625985710731996,1.0001063,1.0003088,1.000578,1.00093,1.0013567,1.0018756,1.0024692,1.0031103,1.0037999,1.0045462,1.0053537
4,1.0,6.628382574892156,0.0,6.628382574892156,6.628382574892156,6.628382574892156,0.0,0,1.0002241,1.005709,-33.9170671168471,1.0002241,1.0005033,1.0008376,1.001259,1.0017169,1.0022556,1.0028772,1.003534,1.004207,1.0049319,1.005709
5,1.25,6.890996152522225,0.0,6.890996152522225,6.890996152522225,6.890996152522225,0.0,0,1.0001786,1.0051357,-34.78109126404823,1.0001786,1.000406,1.0006695,1.0010115,1.0014137,1.0019163,1.0025011,1.0030984,1.003724,1.0043824,1.0051357
6,1.5,6.634771585539398,0.2183072269703771,6.416464358569021,6.416464358569021,6.416464358569021,0.0,0,1.0001903,1.0049666,-32.61047974107923,1.0001903,1.0004342,1.000722,1.0010601,1.0014595,1.0019156,1.0024459,1.0030003,1.0035977,1.0042402,1.0049666
7,1.75,5.66970253302344,0.0,5.66970253302344,5.66970253302344,5.66970253302344,0.0,0,1.0002255,1.0052507,-29.27044516705119,1.0002255,1.000514,1.0008541,1.0012472,1.0016663,1.0021533,1.0027186,1.0033078,1.0039206,1.004551,1.0052507
8,2.0,6.915843690156571,0.0,6.915843690156571,6.915843690156571,6.915843690156571,0.0,0,1.0000986,1.004286,-34.30098458505482,1.0000986,1.0002391,1.0004251,1.0006826,1.0010049,1.0014148,1.0019114,1.0024422,1.0030131,1.0036101,1.004286
9,2.25,6.219734979702743,0.0,6.219734979702743,6.219734979702743,6.219734979702743,0.0,0,1.000123,1.0043582,-31.21505477668159,1.000123,1.0003245,1.0005614,1.0008584,1.0012012,1.001601,1.0020806,1.0025879,1.0031365,1.0037153,1.0043582
10,2.5,6.012839692311151,0.0,6.012839692311151,6.012839692311151,6.012839692311151,0.0,0,1.0001088,1.004114,-30.095552775542057,1.0001088,1.0002812,1.0005133,1.0007955,1.0011349,1.0015609,1.0020136,1.002476,1.0029677,1.0035024,1.004114
11,2.75,6.251378836625456,1.6452927933576826,4.606086043267773,4.606086043267773,4.606086043267773,0.0,0,1.0001885,1.0041361,-23.955890822940997,1.0001885,1.0004145,1.0006616,1.0009495,1.0012797,1.0016583,1.0021073,1.0025716,1.0030509,1.0035573,1.0041361
12,3.0,5.908618981683808,0.47225979598645795,5.436359185697349,5.436359185697349,5.436359185697349,0.0,0,1.000096,1.003608,-27.178435610610165,1.000096,1.0002195,1.0003841,1.0006131,1.0009062,1.0012584,1.0016896,1.0021266,1.0025735,1.0030556,1.003608
13,3.25,6.150774511458249,1.4432862169554859,4.707488294502763,4.707488294502763,4.707488294502763,0.0,0,1.0001187,1.0036088,-24.47223550650589,1.0001187,1.0002651,1.0004421,1.0006793,1.0009693,1.0013375,1.001758,1.0021946,1.002648,1.0030916,1.0036088
14,3.5,7.674026903130481,0.5899511473132445,7.084075755817237,7.084075755817237,7.084075755817237,0.0,0,0.99983186,1.0020427,-33.655365614371966,0.99989194,0.9998328,0.99983186,0.9998995,1.0000135,1.0002111,1.0004916,1.0008013,1.0011637,1.0015575,1.0020427
15,3.75,5.031066923749555,0.9012161767890986,4.129850746960456,4.129850746960456,4.129850746960456,0.0,0,1.0000774,1.002709,-21.14156895792503,1.0000774,1.0001838,1.000307,1.0004843,1.0006766,1.0009155,1.0012056,1.0015334,1.0018994,1.0022817,1.002709
16,4.0,5.619161257404464,0.0,5.619161257404464,5.619161257404464,5.619161257404464,0.0,0,0.9998979,1.0019044,-26.838962202796335,0.9999201,0.9998979,0.99992746,1.0000179,1.0001339,1.0003165,1.0005835,1.0008605,1.0011622,1.001513,1.0019044
17,4.25,5.551485819236698,0.0,5.551485819236698,5.551485819236698,5.551485819236698,0.0,0,0.99975926,1.0010487,-26.418777838683205,0.9998675,0.9998028,0.99975926,0.99977815,0.999814,0.9999094,1.0000527,1.0002345,1.0004494,1.0007154,1.0010487
18,4.5,6.687856102891258,1.3802528883264764,5.307603214564782,5.307603214564782,5.307603214564782,0.0,0,0.9972047,0.99951774,-34.31871669558443,0.99951774,0.99906945,0.9986547,0.99828833,0.9979697,0.9977132,0.9975323,0.99740636,0.9973087,0.9972369,0.9972047
19,4.75,5.699074617081072,0.0,5.699074617081072,5.699074617081072,5.699074617081072,0.0,0,0.9969201,0.99948823,-23.936113391740502,0.99948823,0.99901414,0.9985811,0.9981797,0.9978144,0.9975484,0.99735343,0.99718875,0.99705076,0.99695235,0.9969201
20,5.0,6.403131549216006,0.0,6.403131549216006,6.403131549216006,6.403131549216006,0.0,0,0.9969349,0.99943006,-26.89315250670723,0.99943006,0.99891084,0.998428,0.9980432,0.99770397,0.99746954,0.99731594,0.99717873,0.9970599,0.9969671,0.9969349
21,5.25,6.794412276552287,0.0927178542989521,6.701694422253335,6.701694422253335,6.701694422253335,0.0,0,0.9966647,0.9994051,-28.147116573464,0.9994051,0.9988626,0.9983721,0.99797654,0.99760383,0.9973168,0.9971151,0.9969278,0.99679536,0.99669695,0.9966647
22,5.5,7.758240647325231,1.4325094890990469,6.325731158226184,6.325731158226184,6.325731158226184,0.0,0,0.9967847,0.9994332,-26.56807086454998,0.9994332,0.9988999,0.9983994,0.99798334,0.9976047,0.99735045,0.99717313,0.99702793,0.9969092,0.99681693,0.9967847
23,5.75,7.246815650877238,0.0,7.246815650877238,7.246815650877238,7.246815650877238,0.0,0,0.99683154,0.99936026,-30.4366257336844,0.99936026,0.99879277,0.99826753,0.99787396,0.99749786,0.9972788,0.99714977,0.9970306,0.9969395,0.9968637,0.99683154
24,6.0,9.14259692793813,0.0,9.14259692793813,9.14259692793813,9.14259692793813,0.0,0,0.99601716,0.99920297,-63.998178495566904,0.99920297,0.99848956,0.99783033,0.9973409,0.9968906,0.99659586,0.99641496,0.99624395,0.99613166,0.9960494,0.99601716
25,6.25,10.728850111373747,4.099276410924013,6.629573700449734,6.629573700449734,6.629573700449734,0.0,0,0.99654406,0.99940205,-47.545002922964024,0.99940205,0.998809,0.9982071,0.9977292,0.99730647,0.9970309,0.99688935,0.996735,0.9966561,0.9965763,0.99654406
26,6.5,11.487729948764198,3.751207550510035,7.736522398254163,7.736522398254163,7.736522398254163,0.0,0,0.9957872,0.9993108,-55.23974435649261,0.9993108,0.9986253,0.997922,0.9973683,0.9968601,0.9965028,0.99629205,0.9960945,0.99595886,0.99581945,0.9957872
27,6.75,11.976901248378642,2.9716499350211882,9.005251313357453,9.005251313357453,9.005251313357453,0.0,0,0.9954961,0.9992074,-64.13009977658474,0.9992074,0.99844617,0.9977008,0.9971206,0.9966116,0.99625987,0.9960561,0.9958251,0.99565583,0.99552834,0.9954961
28,7.0,13.149017987838754,6.576786429091209,6.572231558747545,6.572231558747545,6.572231558747545,0.0,0,0.99598736,0.999401,-52.569269180448984,0.999401,0.99877703,0.99809396,0.99754965,0.9970382,0.9966957,0.99653447,0.9963075,0.9961656,0.9960196,0.99598736
29,7.25,15.954363898226012,5.632268328707495,10.322095569518517,10.322095569518517,10.322095569518517,0.0,0,0.9943103,0.9990914,-75.21579527797942,0.9990914,0.99815667,0.9972067,0.9964461,0.9957271,0.99525726,0.99499595,0.99471235,0.9945111,0.9943426,0.9943103
30,7.5,16.207479230912384,10.42346510956666,5.784014121345724,5.784014121345724,5.784014121345724,0.0,0,0.99605024,0.99945766,-51.71125382997347,0.99945766,0.9988525,0.99816877,0.9976058,0.997112,0.99675447,0.99660295,0.9963826,0.9962616,0.9960825,0.99605024
31,7.75,13.585767310174145,9.540939981304039,4.044827328870106,4.044827328870106,4.044827328870106,0.0,0,0.9963717,0.9996037,-39.27568512266362,0.9996037,0.99917233,0.99868256,0.9981664,0.9977366,0.997272,0.99704546,0.9967548,0.9965964,0.99640393,0.9963717
32,8.0,14.724863344024497,11.9387707250304,2.786092618994097,2.786092618994097,2.786092618994097,0.0,0,0.99666286,0.9997026,-35.303365216032134,0.9997026,0.99935853,0.99894136,0.9984404,0.99803174,0.99758554,0.99738127,0.9970919,0.9969166,0.9966951,0.99666286
33,8.25,16.759561782410806,13.383871044847375,3.3756907375634313,3.3756907375634313,3.3756907375634313,0.0,0,0.99593866,0.9996502,-41.97687232666537,0.9996502,0.9992224,0.9987184,0.99811995,0.9976378,0.9970955,0.9968264,0.9964538,0.99622357,0.9959709,0.99593866
34,8.5,14.916005438963905,15.510230141173281,0.0,-0.5942247022093756,0.0,0.5942247022093756,0,0.9987154,1.0000544,-20.785965507331134,1.0000544,1.0000284,0.99989784,0.9996797,0.9995478,0.99933237,0.99920875,0.9989624,0.9988683,0.9987154,0.99876285
35,8.75,15.507720738072575,16.689628790953297,0.0,-1.181908052880722,0.0,1.181908052880722,0,0.999636,1.0002207,-19.83647622815995,1.0001478,1.0002207,1.0001969,1.000075,1.0000563,0.99993,0.99993604,0.9998268,0.999769,0.999636,0.99973077
36,9.0,14.423733004672759,17.197073636060033,0.0,-2.773340631387274,0.0,2.773340631387274,0,1.0004053,1.002269,-19.998675058966235,1.0004053,1.0007337,1.0010085,1.0011317,1.001378,1.001521,1.001776,1.0018871,1.0020474,1.0020473,1.002269
37,9.25,14.065150369951555,17.943849557612204,0.0,-3.878699187660649,0.0,3.878699187660649,0,1.0005825,1.0043057,-15.26798286673814,1.0005825,1.0010886,1.0014983,1.0017934,1.0022528,1.0025907,1.003051,1.003396,1.0037904,1.0039961,1.0043057
38,9.5,14.060683715497131,18.75231878193346,0.0,-4.69163506643633,0.0,4.69163506643633,0,1.000712,1.0056136,-12.735457196667065,1.000712,1.0013691,1.0019441,1.0023704,1.0029675,1.0034505,1.004037,1.0044934,1.0049766,1.0052394,1.0056136
39,9.75,13.427596583008667,20.611044854206376,0.0,-7.18344827119771,0.0,7.18344827119771,0,1.00111,1.0086062,-13.408832226340916,1.00111,1.0021348,1.0030314,1.0037533,1.0046467,1.0053926,1.0062355,1.0068572,1.0075506,1.0080347,1.0086062
40,10.0,15.019152265953831,17.950847044694214,0.0,-2.9316947787403826,0.0,2.9316947787403826,0,1.0004292,1.0034587,-29.0249221816349,1.0004292,1.0008322,1.0011803,1.0014054,1.0018276,1.0021491,1.0025731,1.0028086,1.0031047,1.0032243,1.0034587
41,10.25,9.823088560049117,22.605837846824357,0.0,-12.78274928677524,0.0,12.78274928677524,0,1.0020036,1.0148598,-54.44023059128782,1.0020036,1.0037926,1.0053507,1.0066937,1.0081295,1.0093728,1.0107212,1.0118146,1.012949,1.0138489,1.0148598
42,10.5,9.719695626656225,20.10043772617749,0.0,-10.380742099521264,0.0,10.380742099521264,0,1.0016246,1.0122218,-0.537900006029826,1.0016246,1.0030936,1.0043812,1.005497,1.0066648,1.0076927,1.0088103,1.0096898,1.0106426,1.0113989,1.0122218
43,10.75,9.060536562658472,20.806489203134003,0.0,-11.745952640475531,0.0,11.745952640475531,0,1.0018413,1.0137466,4.794836097244353,1.0018413,1.003465,1.0048653,1.006113,1.0074348,1.0085964,1.0098695,1.0109069,1.0119767,1.0128171,1.0137466
44,11.0,8.78205879718943,23.940585862186097,0.0,-15.158527064996667,0.0,15.158527064996667,0,1.0023777,1.0179877,10.665234133715114,1.0023777,1.0045158,1.0064077,1.0080901,1.0098196,1.011344,1.0129653,1.0143007,1.0156722,1.0167928,1.0179877
45,11.25,9.504470382106152,25.030567157560377,0.0,-15.526096775454224,0.0,15.526096775454224,0,1.0024339,1.0182834,17.197618450779835,1.0024339,1.0046053,1.006518,1.0082165,1.0099915,1.011556,1.013206,1.0145535,1.0159515,1.0170599,1.0182834
46,11.5,10.89014095152767,23.376215072337715,0.0,-12.486074120810045,0.0,12.486074120810045,0,1.0019544,1.0144787,-0.34704385506443886,1.0019544,1.0036683,1.0051662,1.006485,1.007896,1.0091153,1.0104288,1.01149,1.0126147,1.013491,1.0144787
47,11.75,10.175246822097293,25.9291556516307,0.0,-15.753908829533408,0.0,15.753908829533408,0,1.0024685,1.0184928,11.897513251423142,1.0024685,1.0046902,1.0066146,1.0083067,1.0100594,1.0116246,1.0132922,1.0146685,1.0160923,1.0172515,1.0184928
48,12.0,8.78135858745416,22.804276647770436,0.0,-14.022918060316275,0.0,14.022918060316275,0,1.0021998,1.0165982,12.058795772763334,1.0021998,1.004166,1.0058776,1.0073988,1.0090001,1.0104223,1.0119141,1.0131698,1.0144666,1.0154914,1.0165982
49,12.25,9.587962617955053,22.37444642862276,0.0,-12.786483810667708,0.0,12.786483810667708,0,1.0020044,1.0151117,9.268556743501716,1.0020044,1.0037869,1.0053529,1.0067258,1.0081651,1.009461,1.0108404,1.011955,1.013142,1.0141006,1.0151117
50,12.5,9.106916231059548,23.265225711457436,0.0,-14.158309480397888,0.0,14.158309480397888,0,1.0022202,1.0166535,11.452867799429482,1.0022202,1.0042119,1.0059338,1.0074649,1.0090609,1.0104771,1.0119776,1.0132132,1.0145193,1.0155363,1.0166535
51,12.75,9.884218456450578,24.06228584649684,0.0,-14.178067390046264,0.0,14.178067390046264,0,1.0022223,1.0165787,13.58275448662999,1.0022223,1.0042142,1.0059532,1.0074596,1.009037,1.0104322,1.0119184,1.0131608,1.0144457,1.0154594,1.0165787
52,13.0,8.357373152558846,22.986661708780453,0.0,-14.629288556221606,0.0,14.629288556221606,0,1.0014772,1.0083253,-27.04655358536335,1.0014772,1.0027229,1.0037473,1.0045148,1.0053488,1.0059994,1.0067362,1.0072079,1.0077285,1.0079929,1.0083253
53,13.25,9.79644565709286,24.47075475232622,0.0,-14.674309095233358,0.0,14.674309095233358,0,1.0011147,1.0042887,31.19848624479323,1.0011147,1.0019991,1.0026329,1.0030246,1.0034727,1.0037173,1.004066,1.0041478,1.0042887,1.0041578,1.0041258
54,13.5,9.984597361294178,22.731727222716547,0.0,-12.74712986142237,0.0,12.74712986142237,0,1.0009602,1.0035053,36.21279675066298,1.0009602,1.0017214,1.0022322,1.0025276,1.0028911,1.003103,1.0033897,1.0034077,1.0035053,1.0033822,1.0033503
55,13.75,9.016245722054636,20.44052482219481,0.0,-11.424279100140174,0.0,11.424279100140174,0,1.0008565,1.003126,31.19603129259973,1.0008565,1.0015174,1.001971,1.0022361,1.0025693,1.0027326,1.0029999,1.0030394,1.003126,1.0029997,1.0029677
56,14.0,8.76946586620567,22.02375455955871,0.0,-13.254288693353041,0.0,13.254288693353041,0,1.0010034,1.0039208,40.594572485320214,1.0010034,1.0017796,1.002331,1.0027001,1.0031146,1.0033594,1.0037026,1.0037872,1.0039208,1.0038313,1.0037993
57,14.25,9.34355469976984,19.531191712081597,0.0,-10.187637012311757,0.0,10.187637012311757,0,1.0007569,1.0025955,25.51033355554345,1.0007569,1.0013238,1.0017076,1.0019125,1.0021791,1.0023073,1.0025192,1.0025135,1.0025955,1.002458,1.0024259
58,14.5,9.279955435926352,17.050960872047668,0.0,-7.771005436121316,0.0,7.771005436121316,0,1.0005634,1.0018522,18.38206624788261,1.0005634,1.0009727,1.0012236,1.0013397,1.0015452,1.0016418,1.0018106,1.0018033,1.0018522,1.0017517,1.0017196
59,14.75,9.92259881352281,17.764767890486716,0.0,-7.842169076963906,0.0,7.842169076963906,0,1.0005678,1.0018274,17.02237720739866,1.0005678,1.0009701,1.0012051,1.0013112,1.0014892,1.0015624,1.0017587,1.0017701,1.0018274,1.001708,1.001676
60,15.0,9.732583760689737,16.59747065501966,0.0,-6.864886894329922,0.0,6.864886894329922,0,1.0004898,1.001599,14.134471275489068,1.0004898,1.0008578,1.0010835,1.0011797,1.0013275,1.0013937,1.0015612,1.0015504,1.001599,1.0014719,1.0014398
61,15.25,9.645895734386256,15.78115169045061,0.0,-6.135255956064354,0.0,6.135255956064354,0,1.0004315,1.0012604,11.668282768135048,1.0004315,1.0007393,1.00091,1.0009679,1.0010887,1.0011085,1.0012343,1.0012189,1.0012604,1.0011553,1.0011232
62,15.5,9.49929003222772,9.926999509440668,0.0,-0.4277094772129484,0.0,0.4277094772129484,0,0.99924,0.9999734,-8.835456273970697,0.9999734,0.9999239,0.99981004,0.9996717,0.99959975,0.999528,0.9995418,0.9994485,0.9993884,0.9992721,0.99924
63,15.75,9.365310273463061,12.525642705505236,0.0,-3.160332432042175,0.0,3.160332432042175,0,0.999905,1.0002978,-2.318098060435233,1.0001934,1.0002978,1.0002968,1.0002009,1.000201,1.0001434,1.0001888,1.0001025,1.0000774,0.9999371,0.999905
64,16.0,8.672407926554408,10.142693569078983,0.0,-1.4702856425245745,0.0,1.4702856425245745,0,0.9992499,1.000059,-6.099194807042375,1.000059,1.0000417,0.99995416,0.9998214,0.9997362,0.99961853,0.9995966,0.99947333,0.9994108,0.999282,0.9992499
65,16.25,9.090767462916176,9.443609884029417,0.0,-0.35284242111324104,0.0,0.35284242111324104,0,0.99904674,0.9999683,-11.01808363848994,0.9999683,0.9998997,0.9997687,0.99959415,0.99948627,0.99937886,0.99937034,0.99926883,0.99921554,0.99907887,0.99904674
66,16.5,8.976694620704533,6.605775566831475,2.3709190538730587,2.3709190538730587,2.3709190538730587,0.0,0,0.99783564,0.99974924,-23.67200629783472,0.99974924,0.99947006,0.9991731,0.9988758,0.99864763,0.99845326,0.9983462,0.99816096,0.99803275,0.9978678,0.99783564
67,16.75,8.779932952509299,5.11344470538897,3.666488247120329,3.666488247120329,3.666488247120329,0.0,0,0.9977043,0.9996454,-27.91093880627226,0.9996454,0.999296,0.9989491,0.99864274,0.9984113,0.9982131,0.99809253,0.9979484,0.9978568,0.99773645,0.9977043
68,17.0,9.757799276213623,4.445054503953067,5.312744772260556,5.312744772260556,5.312744772260556,0.0,0,0.997081,0.9995105,-39.02941506376783,0.9995105,0.9990572,0.99861103,0.9982002,0.9978671,0.99761546,0.99747974,0.99732953,0.99723625,0.99711317,0.997081
69,17.25,11.114554300816264,4.004082531023466,7.110471769792799,7.110471769792799,7.110471769792799,0.0,0,0.9962199,0.9993624,-50.27826823850925,0.9993624,0.99874616,0.9981586,0.99766976,0.9972712,0.99696535,0.9967719,0.9965667,0.99639463,0.99625206,0.9962199
70,17.5,10.930557206324629,0.42524244570096387,10.505314760623666,10.505314760623666,10.505314760623666,0.0,0,0.9950092,0.9990886,-73.53720332436565,0.9990886,0.998254,0.99751323,0.9968936,0.99634427,0.99595815,0.9956538,0.9953861,0.99517787,0.99504143,0.9950092
71,17.75,12.560443658978215,0.0,12.560443658978215,12.560443658978215,12.560443658978215,0.0,0,0.99427885,0.99891865,-87.92310561284754,0.99891865,0.9979169,0.99698675,0.9962457,0.99559015,0.9951571,0.9948704,0.9946262,0.9944293,0.9943111,0.99427885
72,18.0,13.628294138876369,0.0,13.628294138876369,13.628294138876369,13.628294138876369,0.0,0,0.99375564,0.99882966,-182.61914146094335,0.99882966,0.9977583,0.9967481,0.9959357,0.9952084,0.9947193,0.994401,0.99412715,0.99392265,0.9937879,0.99375564
73,18.25,14.463843409120475,0.2821969940936232,14.181646415026853,14.181646415026853,14.181646415026853,0.0,0,0.9935565,0.9987829,-190.0340619613598,0.9987829,0.9976386,0.9965618,0.9957261,0.9949685,0.9944697,0.9941342,0.99387544,0.9937055,0.9935888,0.9935565
74,18.5,14.040930861289977,1.213115080313017,12.82781578097696,12.82781578097696,12.82781578097696,0.0,0,0.9939064,0.9988934,-171.89273146509126,0.9988934,0.9978435,0.9968347,0.99604917,0.9953292,0.9948419,0.9945355,0.9942691,0.9940699,0.9939387,0.9939064
75,18.75,15.87368852960006,0.0,15.87368852960006,15.87368852960006,15.87368852960006,0.0,0,0.99263954,0.9986423,-212.7074262966408,0.9986423,0.9973647,0.9961742,0.9952234,0.9943508,0.99377185,0.9934069,0.99307024,0.9928192,0.9926719,0.99263954
76,19.0,17.0696654707067,0.2843623285282755,16.785303142178424,16.785303142178424,16.785303142178424,0.0,0,0.99171627,0.998565,-224.92306210519087,0.998565,0.9971995,0.99591535,0.9948988,0.9939066,0.9932059,0.99273247,0.9923003,0.9919638,0.99174863,0.99171627
77,19.25,18.966541446448833,0.0,18.966541446448833,18.966541446448833,18.966541446448833,0.0,0,0.990792,0.9983833,-254.15165538241436,0.9983833,0.9968407,0.99535793,0.9941949,0.993087,0.99233544,0.99181175,0.9913557,0.99102736,0.9908244,0.990792
78,19.5,20.818557573397854,1.5809741984434267,19.237583374954426,19.237583374954426,19.237583374954426,0.0,0,0.990572,0.998357,-257.78361722438933,0.998357,0.9968012,0.9952935,0.9940803,0.99297285,0.99217105,0.99164,0.9911736,0.9908335,0.9906044,0.990572
79,19.75,22.378507955491294,2.4160171646399364,19.96249079085136,19.96249079085136,19.96249079085136,0.0,0,0.99025965,0.99829453,-267.49737659740816,0.99829453,0.9966743,0.99513173,0.9938903,0.99273336,0.99189323,0.9913612,0.99086964,0.99052,0.9902921,0.99025965
80,20.0,25.066506971182527,0.0,25.066506971182527,25.066506971182527,25.066506971182527,0.0,0,0.98779476,0.9978719,-335.8911934138458,0.9978719,0.99586993,0.99396676,0.9924333,0.99099445,0.9899441,0.98920417,0.98857087,0.98811257,0.98782724,0.98779476
81,20.25,27.632041853832597,0.9227790164093237,26.709262837423275,26.709262837423275,26.709262837423275,0.0,0,0.98724556,0.9977323,-357.9041220214719,0.9977323,0.99561507,0.99363756,0.99204093,0.9905721,0.9894941,0.98874396,0.9880772,0.98759073,0.98727804,0.98724556
82,20.5,28.127353007700375,0.0,28.127353007700375,28.127353007700375,28.127353007700375,0.0,0,0.9869959,0.9976159,-376.906530303185,0.9976159,0.99540806,0.9933469,0.99170184,0.9902014,0.9891353,0.9884075,0.9877873,0.987328,0.98702836,0.9869959
83,20.75,29.77182726977901,0.0,29.77182726977901,29.77182726977901,29.77182726977901,0.0,0,0.9858076,0.9974765,-398.94248541503873,0.9974765,0.9951293,0.9929434,0.99113876,0.9894796,0.9882573,0.9874265,0.9867168,0.98616326,0.98584014,0.9858076
84,21.0,31.070434567911995,1.3342496513432707,29.736184916568725,29.736184916568725,29.736184916568725,0.0,0,0.98551476,0.99747586,-398.4648778820209,0.99747586,0.9951239,0.99294466,0.991091,0.9894091,0.9881164,0.987221,0.9864655,0.98590636,0.9855473,0.98551476
85,21.25,31.133668472172772,0.0,31.133668472172772,31.133668472172772,31.133668472172772,0.0,0,0.98511535,0.997362,-417.19115752711525,0.997362,0.99496615,0.9927493,0.99086505,0.9891721,0.98782516,0.98688227,0.9860959,0.98551905,0.9851479,0.98511535
86,21.5,29.549778683765524,0.0,29.549778683765524,29.549778683765524,29.549778683765524,0.0,0,0.9852941,0.99749386,-395.96703436245804,0.99749386,0.99517685,0.9930395,0.9911617,0.9894772,0.98807967,0.98712,0.9863095,0.9857004,0.9853267,0.9852941
87,21.75,29.678488048049935,0.0,29.678488048049935,29.678488048049935,29.678488048049935,0.0,0,0.9853552,0.997484,-397.69173984386913,0.997484,0.9952232,0.99318254,0.9913604,0.9897576,0.9883687,0.9873391,0.98644996,0.9857925,0.98538774,0.9853552
88,22.0,27.743987067746726,0.7773626064845259,26.9666244612622,26.9666244612622,26.9666244612622,0.0,0,0.9865893,0.99771065,-361.35276778091355,0.99771065,0.9956749,0.99387133,0.9922166,0.9907659,0.9894896,0.98850566,0.98769736,0.98705,0.9866218,0.9865893
89,22.25,27.138901986089614,0.0,27.138901986089614,27.138901986089614,27.138901986089614,0.0,0,0.98642606,0.99769807,-363.6612866136009,0.99769807,0.9956814,0.99391145,0.9922573,0.99082273,0.9895281,0.98848027,0.9876109,0.9869204,0.9864586,0.98642606
90,22.5,23.055104738383257,0.0,23.055104738383257,23.055104738383257,23.055104738383257,0.0,0,0.9890299,0.99804235,-308.9384034943356,0.99804235,0.9963853,0.9949961,0.9936533,0.992542,0.9914751,0.9906361,0.9899733,0.9894275,0.98906237,0.9890299
91,22.75,21.866229038331056,0.0,21.866229038331056,21.866229038331056,21.866229038331056,0.0,0,0.98981756,0.9981424,-293.00746911363615,0.9981424,0.9965865,0.9952761,0.9940084,0.9930138,0.99207634,0.9912841,0.99067307,0.9901775,0.98985,0.98981756
92,23.0,21.367465496622444,0.0,21.367465496622444,21.367465496622444,21.367465496622444,0.0,0,0.9908551,0.99818546,-89.74335508581427,0.99818546,0.9966819,0.9954647,0.9943361,0.99348634,0.9927266,0.9920675,0.99155766,0.99115586,0.9908875,0.9908551
93,23.25,18.803647045887736,1.7270696951004818,17.076577350787254,17.076577350787254,17.076577350787254,0.0,0,0.9930138,0.9985402,-71.72162487330648,0.9985402,0.9973845,0.9964861,0.99561983,0.9950205,0.99447507,0.9939861,0.9936091,0.9932935,0.99304616,0.9930138
94,23.5,16.931808141692642,1.5751999866647095,15.356608155027931,15.356608155027931,15.356608155027931,0.0,0,0.9939353,0.9986839,-64.4977542511173,0.9986839,0.99763477,0.9968463,0.996085,0.9955784,0.9951192,0.9947322,0.9944311,0.99417293,0.9939676,0.9939353
95,23.75,13.349033230008441,0.0,13.349033230008441,13.349033230008441,13.349033230008441,0.0,0,0.99517053,0.9988545,-56.06593956603545,0.9988545,0.9979526,0.99726945,0.9966436,0.99622715,0.99590254,0.9956401,0.9954737,0.9953276,0.9952028,0.99517053
